iter,loss_total,loss_pde,loss_ic,loss_bc
1,5.631317288341387e-05,2.6398594234270467e-05,1.8472053660632162e-06,0.00010711823262334893
2,5.308016982568715e-05,2.5934989495233406e-05,6.3471841739717484e-06,7.203791369141901e-05
3,4.969619538180326e-05,2.5831354956380715e-05,4.005753751676917e-06,7.181423753346458e-05
4,4.117148147441581e-05,2.5287191489955904e-05,1.8051132098550025e-06,5.2438004076552276e-05
5,3.640852206390135e-05,2.4502759538280026e-05,1.9995289690031184e-06,3.582083086491336e-05
6,3.0470362307532633e-05,2.248911923578942e-05,1.2823784679469275e-06,2.4325826016854256e-05
7,2.7143981679538224e-05,2.044411502001162e-05,6.677614270748116e-07,2.262228798942963e-05
8,2.5647999691118572e-05,1.9173339027300822e-05,8.225983293250092e-07,2.090681227281735e-05
9,2.376815497705739e-05,1.6939404199544208e-05,1.2890793206872743e-06,1.977949331755233e-05
10,2.1619836630152788e-05,1.5208945298793317e-05,1.4980689214050998e-06,1.7018343196503245e-05
11,1.9479260537995754e-05,1.3509889231961529e-05,1.1707709285293239e-06,1.7053698835589997e-05
12,1.7224879087864866e-05,1.1709062304961335e-05,9.032486448900297e-07,1.6719932898776882e-05
13,1.4659523086156948e-05,1.0023420451083031e-05,7.815514248642906e-07,1.3932815822007709e-05
14,1.4093998606937578e-05,9.49649732621753e-06,8.156615593022158e-07,1.3597992045941843e-05
15,1.2943839088396854e-05,8.947179314341088e-06,7.138597665090944e-07,1.1795051100672662e-05
16,1.210100611993456e-05,8.481353345852944e-06,6.866408915212587e-07,1.0466283018807982e-05
17,1.1023263421670913e-05,7.712742410922886e-06,5.975749049568847e-07,9.7363261748464e-06
18,1.0501447940052194e-05,7.338629245868421e-06,5.975612840041173e-07,9.158372289579728e-06
19,9.87351932721861e-06,6.786694738229308e-06,6.63985500749501e-07,8.503130292430595e-06
20,8.70202182286341e-06,5.81740258725897e-06,7.483121768131891e-07,7.257520961004172e-06
21,7.996113577106591e-06,5.006402507203897e-06,1.0615538452629668e-06,5.9812912420385595e-06
22,6.752541005182391e-06,4.293507875206216e-06,8.931102903449627e-07,4.811946674041156e-06
23,6.314963961569744e-06,4.100509087013048e-06,7.732356076169775e-07,4.500590766440211e-06
24,5.915296331400285e-06,3.874676603325999e-06,6.651352829745754e-07,4.402654175789744e-06
25,5.3594809692798715e-06,3.4829669227976116e-06,5.832179099584397e-07,4.201740084682495e-06
26,5.20992009623956e-06,3.253001242034979e-06,6.597274763150447e-07,4.104227122152855e-06
27,4.549708465011757e-06,2.80372558952928e-06,5.893599645163016e-07,3.657822816191226e-06
28,4.146175772834589e-06,2.5516691068405845e-06,5.529953446025849e-07,3.2609308623167246e-06
29,3.847777722939157e-06,2.369123189897836e-06,5.201178736263144e-07,2.98466629804173e-06
30,3.6892630307758076e-06,2.2614956932941998e-06,4.7228309621209837e-07,3.043217822211027e-06
31,3.4927950870792013e-06,2.1674865789814116e-06,4.458952639411833e-07,2.784406303180311e-06
32,3.2475787939574705e-06,2.0359017982736596e-06,3.993603040602243e-07,2.5904079805162432e-06
33,2.999782548747839e-06,1.8647737761584893e-06,3.865216682669018e-07,2.3595344606978333e-06
34,2.8811541151881613e-06,1.7471390594052823e-06,3.8821836343471627e-07,2.3465051145254196e-06
35,2.795965067154502e-06,1.7134983400447802e-06,3.8009876469487156e-07,2.18851482142955e-06
36,2.654749246161133e-06,1.6333460928659514e-06,3.743712170076946e-07,1.98040047607887e-06
37,2.57815879973265e-06,1.5229379329204534e-06,3.977468856948229e-07,1.9868148560490465e-06
38,2.483901974084505e-06,1.4541904179867305e-06,3.857327253867547e-07,1.9517081149403767e-06
39,2.4536059363045914e-06,1.4442727972882671e-06,3.7153930337862046e-07,1.948421093626129e-06
40,2.3626425099071096e-06,1.387552629935835e-06,3.539528696093516e-07,1.9091534620081927e-06
41,2.2710865086876484e-06,1.2950148236373143e-06,3.132463501886108e-07,2.1322907895587036e-06
42,2.129985142439492e-06,1.2395589485729747e-06,3.231664178958819e-07,1.7436788842721555e-06
43,2.045739316142766e-06,1.1960615047605147e-06,3.2498683490915684e-07,1.574404684918219e-06
44,1.9701626493140207e-06,1.153235014283423e-06,3.193766154109705e-07,1.4764616449759187e-06
45,1.8814952670051637e-06,1.0974064593824175e-06,3.0664022943045355e-07,1.4165619159890983e-06
46,1.8038042309886233e-06,1.0395697956783232e-06,3.081617751635386e-07,1.3306656978762122e-06
47,1.733035578647814e-06,9.865283059745115e-07,3.0528809009629934e-07,1.276772317638083e-06
48,1.6753440512891422e-06,9.311207129884642e-07,3.079838276668085e-07,1.2533116916914174e-06
49,1.6626418949306714e-06,9.160981182948678e-07,3.053705988620272e-07,1.2764706814062798e-06
50,1.6166277487160295e-06,8.689318766708637e-07,3.0763201923816065e-07,1.2687965875136302e-06
51,1.4996518036471831e-06,7.848224964928243e-07,2.956413046103692e-07,1.2047712115830417e-06
52,1.3525814065957414e-06,7.022263848904543e-07,2.7859395399438666e-07,1.0442914745075664e-06
53,1.274587324327916e-06,6.660288820982279e-07,2.6957265843681595e-07,9.293219134227123e-07
54,1.2492996018489697e-06,6.505315751596761e-07,2.6776309774652446e-07,9.007560092544975e-07
55,1.2102997590163562e-06,6.24012012347361e-07,2.6323910691331376e-07,8.762866639466109e-07
56,1.1886833754056611e-06,6.02473206075669e-07,2.6203115459766806e-07,8.824905757754515e-07
57,1.1393896373418911e-06,5.54003860213041e-07,2.6044711640082446e-07,8.877979149904895e-07
58,1.1183515267346133e-06,5.043432673928803e-07,2.848281927221975e-07,8.684646050657621e-07
59,1.0577929669313324e-06,4.940630405077246e-07,2.5493726574599823e-07,8.327313771768716e-07
60,1.0172719631253838e-06,4.793896961526365e-07,2.4490768446843426e-07,7.85609152935874e-07
61,9.963524349243433e-07,4.6937657070811683e-07,2.3912257716979037e-07,7.740930298338774e-07
62,9.872950464834143e-07,4.50499849817838e-07,2.456134054595999e-07,7.775530697158685e-07
63,9.724104957719111e-07,4.525531762409816e-07,2.3730499418695505e-07,7.560266060885997e-07
64,9.634675943881394e-07,4.49895414928764e-07,2.351719045935626e-07,7.429213831135488e-07
65,9.500317434555422e-07,4.4211037068698686e-07,2.3526268134138984e-07,7.203181366449697e-07
66,9.357619745668577e-07,4.331436162630624e-07,2.3551432741358368e-07,6.982093226888966e-07
67,9.228866212958157e-07,4.1667691331423103e-07,2.382358033527997e-07,6.976027337754425e-07
68,9.026661968395334e-07,4.111236902346001e-07,2.3475815454294303e-07,6.58938079753857e-07
69,8.883428324224214e-07,4.0470384413042543e-07,2.3055148012211873e-07,6.506702590974321e-07
70,8.700418205178825e-07,3.928118841034134e-07,2.2837481353166775e-07,6.37314871067732e-07
71,8.621219475491169e-07,3.785239346789845e-07,2.3572359367856848e-07,6.226465775818427e-07
72,8.44295735027981e-07,3.740769973260311e-07,2.288311274487971e-07,6.07418553383966e-07
73,8.292324658447454e-07,3.685039761299979e-07,2.2551913540933255e-07,5.881212750047188e-07
74,8.163533730306536e-07,3.593055450908125e-07,2.2481247148320286e-07,5.775241041766137e-07
75,8.119351123900659e-07,3.579223130714438e-07,2.2478766171903402e-07,5.657802935673036e-07
76,8.046171786888527e-07,3.52104049996206e-07,2.2456312082810593e-07,5.611210426777526e-07
77,7.939831709301446e-07,3.4424023192169663e-07,2.2500335360759442e-07,5.479083813463254e-07
78,7.782504417950651e-07,3.323715399656249e-07,2.2616599857980033e-07,5.265231953207652e-07
79,7.592522175569097e-07,3.1775658807359554e-07,2.2439153809561825e-07,5.189288428747892e-07
80,7.45908111926403e-07,3.01225195973813e-07,2.2214078331179485e-07,5.435274808572318e-07
81,7.180069473593523e-07,2.9106822022935606e-07,2.1272096058132771e-07,5.248329684931369e-07
82,6.987516776982655e-07,2.836828233685993e-07,2.0714245737480925e-07,5.084333207073901e-07
83,6.822663406753851e-07,2.757817526418093e-07,2.064478674883726e-07,4.785810389946572e-07
84,6.600110458509506e-07,2.653551370347504e-07,2.0441037729300453e-07,4.432663762224215e-07
85,6.509178528988845e-07,2.630088151914427e-07,2.0107381969925261e-07,4.34837536533611e-07
86,6.296407104624395e-07,2.583221694338918e-07,1.9346310463442617e-07,4.1091188818201837e-07
87,6.24034174959365e-07,2.531722707584896e-07,1.9454026371454283e-07,4.03321962257041e-07
88,6.184362094494321e-07,2.540234699022933e-07,1.9116049330261352e-07,3.9629098224761915e-07
89,6.146894805236512e-07,2.5295123322615777e-07,1.8998148662784978e-07,3.921760320933686e-07
90,6.06955367440066e-07,2.481887593428132e-07,1.8883819804220492e-07,3.867057876304784e-07
91,5.956632011587665e-07,2.3953829201826514e-07,1.8734922782294417e-07,3.843890152885777e-07
92,5.83401862219379e-07,2.2914675071100501e-07,1.8630466904458357e-07,3.826989054715909e-07
93,5.782888112294e-07,2.2524274099551045e-07,1.8579204098381454e-07,3.8072901087491743e-07
94,5.707075980111409e-07,2.203141792617388e-07,1.8555142052573107e-07,3.716442384961951e-07
95,5.644954402315776e-07,2.1712890753888638e-07,1.8471702428078643e-07,3.6429371588728265e-07
96,5.567608037335383e-07,2.136666848972572e-07,1.8248658117202757e-07,3.5958968361470565e-07
97,5.527770326151795e-07,2.0857990728540025e-07,1.8144815475639367e-07,3.6950049058120563e-07
98,5.426888853681164e-07,2.0702900017988787e-07,1.7748119283440758e-07,3.5746123969191805e-07
99,5.392349524781308e-07,2.0612888251356929e-07,1.7657698875625676e-07,3.52338131686739e-07
100,5.358276434866936e-07,2.035742022464026e-07,1.762706767473899e-07,3.5065157327872394e-07
101,5.33069996849068e-07,2.012933046312065e-07,1.7596403028935948e-07,3.504378071991756e-07
102,5.289791142983199e-07,1.9862498019019e-07,1.7464160183870197e-07,3.519948975492971e-07
103,5.179719875072757e-07,1.913965882748507e-07,1.7211974463889007e-07,3.5079277125114826e-07
104,5.126854999264287e-07,1.886726744428711e-07,1.7181717479424935e-07,3.423942497035858e-07
105,5.064068076033384e-07,1.8671329964188168e-07,1.7170388009679435e-07,3.261011125017796e-07
106,5.052437508757691e-07,1.8501987029176257e-07,1.7212717602294858e-07,3.2589631582939126e-07
107,4.977129706627577e-07,1.8425451134850734e-07,1.6919836644978072e-07,3.15198251554282e-07
108,4.947734591636166e-07,1.8330121448812247e-07,1.681614683059741e-07,3.1301127877335606e-07
109,4.913429587861065e-07,1.814494892113673e-07,1.6748864333820935e-07,3.104574616042597e-07
110,4.8603870998995e-07,1.7781486036381206e-07,1.673832663247172e-07,3.0449115835343393e-07
111,4.818065995209619e-07,1.7373802110267526e-07,1.6693309556186165e-07,3.0630868052703986e-07
112,4.7659778084794246e-07,1.7059900887833863e-07,1.6604291290638682e-07,3.030041854937781e-07
113,4.737007958521687e-07,1.6675349432334803e-07,1.6600231686944826e-07,3.0693491886607976e-07
114,4.702013434377688e-07,1.6657260642432371e-07,1.6347720626925135e-07,3.075511781454131e-07
115,4.675081502287755e-07,1.6605538036012838e-07,1.6218315911992696e-07,3.060069351933015e-07
116,4.619015291310755e-07,1.6347904551854826e-07,1.6088026515363682e-07,3.011670074362601e-07
117,4.5446589730266855e-07,1.5908233122941141e-07,1.6007229647196294e-07,2.936270289290946e-07
118,4.446521808771431e-07,1.535721215818571e-07,1.5830050008674819e-07,2.863304838345079e-07
119,4.3592130013712553e-07,1.4922670248932553e-07,1.564801479206083e-07,2.789747923380728e-07
120,4.319795948789154e-07,1.441184517489676e-07,1.5824771454588594e-07,2.7401774821157025e-07
121,4.253244001499701e-07,1.4385511576831892e-07,1.5424092024248228e-07,2.7058894975975916e-07
122,4.217829333722151e-07,1.4219022223641266e-07,1.5340434896156938e-07,2.677518489455475e-07
123,4.180466328950064e-07,1.3931601242239825e-07,1.5319576597981522e-07,2.65501773607957e-07
124,4.1744832965769747e-07,1.3524018661011929e-07,1.557894880275344e-07,2.6513796538082695e-07
125,4.12546041653851e-07,1.3466611083874041e-07,1.5342412416425754e-07,2.609424164418433e-07
126,4.109935180449397e-07,1.3460160384458216e-07,1.5230668690959789e-07,2.6113900432690703e-07
127,4.0693855791623154e-07,1.32521495837303e-07,1.5121481992521345e-07,2.592926276821285e-07
128,4.037367863517986e-07,1.2960981299490628e-07,1.5114185707322012e-07,2.5855044387213007e-07
129,4.002892795722833e-07,1.2748073323569098e-07,1.505204776501197e-07,2.567383401894608e-07
130,3.9551206256405654e-07,1.2399452225667534e-07,1.4982768849196038e-07,2.5541824760905093e-07
131,3.910080606931988e-07,1.2051775690445115e-07,1.4944744491169563e-07,2.534466542115131e-07
132,3.851413166839001e-07,1.1466857395847454e-07,1.5131678810822874e-07,2.433073622078958e-07
133,3.789869578490382e-07,1.1144435148554663e-07,1.497271684780807e-07,2.404040220693355e-07
134,3.7519340442555335e-07,1.1037951917144015e-07,1.4838593782667848e-07,2.3695078601839407e-07
135,3.705407497631205e-07,1.0881683340993977e-07,1.4724678952313718e-07,2.3099515825926366e-07
136,3.67018439490975e-07,1.0534690516962065e-07,1.467726598270573e-07,2.33344405317532e-07
137,3.6275518552449715e-07,1.0429662293475567e-07,1.456043042192463e-07,2.2706475701287122e-07
138,3.5803755395927557e-07,1.0252166685859933e-07,1.4438721022134062e-07,2.2210546707301412e-07
139,3.5601021671178557e-07,1.0135277210383384e-07,1.4407953535963482e-07,2.2040349869982839e-07
140,3.546695405089766e-07,9.637624148997968e-08,1.4643777374452677e-07,2.2192791880146405e-07
141,3.500766171212121e-07,9.616713604260256e-08,1.4404641168495505e-07,2.176548171542031e-07
142,3.4793913297670454e-07,9.569404358577005e-08,1.4297708501128294e-07,2.1690198566177606e-07
143,3.43450978454472e-07,9.3361971479742e-08,1.412732972407021e-07,2.1764292465717657e-07
144,3.42005373066904e-07,9.243040286071268e-08,1.4076071930757353e-07,2.1839263308240432e-07
145,3.3897674014225406e-07,9.081839355445945e-08,1.3948513409964402e-07,2.197205928686561e-07
146,3.362802186595953e-07,8.938517166478582e-08,1.3851526688753052e-07,2.200016094351489e-07
147,3.335186485273077e-07,8.799620317819441e-08,1.377076709537617e-07,2.1898068521554356e-07
148,3.3121017913293285e-07,8.646625062036859e-08,1.3746840446717806e-07,2.17222971657465e-07
149,3.287217019926677e-07,8.542409904171444e-08,1.3679579587884001e-07,2.15186324918157e-07
150,3.2626337484428276e-07,8.516803046135067e-08,1.3601758184163458e-07,2.107602838296159e-07
151,3.222158410229778e-07,8.452350639243433e-08,1.3486399665223175e-07,2.0365735760239247e-07
152,3.2042372338425217e-07,8.394846777565423e-08,1.3420676990328492e-07,2.0243499288013894e-07
153,3.175275210166324e-07,8.161196293625815e-08,1.3270891252065111e-07,2.0831392918119268e-07
154,3.124022219592294e-07,8.055538515357715e-08,1.304316167730678e-07,2.0465944547877498e-07
155,3.1103363230310094e-07,7.978752670640331e-08,1.301535826808571e-07,2.038063387632038e-07
156,3.073051931196041e-07,7.759637492895614e-08,1.2949051252381394e-07,2.013623307373787e-07
157,3.052814810668319e-07,7.667835193963943e-08,1.2930003575280354e-07,1.9806140036268512e-07
158,3.0061501788934905e-07,7.42804631835517e-08,1.2891397704035237e-07,1.9126320683034154e-07
159,2.9671203391489795e-07,7.299342516550675e-08,1.27846840324643e-07,1.8677470697011342e-07
160,2.941461443523842e-07,7.345437454645528e-08,1.2568702397595042e-07,1.8656470155584092e-07
161,2.923904574063257e-07,7.224892277747142e-08,1.262025917440165e-07,1.816338994084199e-07
162,2.9015544982676684e-07,7.168437606899188e-08,1.2516126184762064e-07,1.8070649153853398e-07
163,2.877189326495099e-07,7.028456831073501e-08,1.2476916962948045e-07,1.7876165756117814e-07
164,2.862776905269172e-07,6.914599373415802e-08,1.247450225313574e-07,1.7770726569260299e-07
165,2.8445459935118075e-07,6.76449228831455e-08,1.2480924653932375e-07,1.7610106267947975e-07
166,2.815567902004227e-07,6.707978414002124e-08,1.235217094220175e-07,1.7390849662021232e-07
167,2.7848891170918804e-07,6.657570856535963e-08,1.2236816061318957e-07,1.700895776761171e-07
168,2.7501943371825074e-07,6.548119419477117e-08,1.2154857261130946e-07,1.652105528380015e-07
169,2.711607667680044e-07,6.449072092591753e-08,1.2003213854675296e-07,1.6215535605234593e-07
170,2.675821784914664e-07,6.164375425900044e-08,1.2000627839311037e-07,1.5943149777025732e-07
171,2.6355313969320923e-07,6.112157185071381e-08,1.1830504091762171e-07,1.54872496411518e-07
172,2.609963782555627e-07,5.990290848097252e-08,1.1767071829509276e-07,1.5305313874339938e-07
173,2.5746256557070557e-07,5.810498363836824e-08,1.1689868031280658e-07,1.5041894954859062e-07
174,2.5656488028562383e-07,5.76032166956055e-08,1.1659635787904369e-07,1.5049821670790317e-07
175,2.538352589963785e-07,5.63517488028801e-08,1.1572341160463797e-07,1.4941627663790495e-07
176,2.525351659396184e-07,5.571186246088446e-08,1.1533300659529747e-07,1.4893578196364488e-07
177,2.512607546415226e-07,5.5251721611668734e-08,1.1493433166243284e-07,1.4789691678206383e-07
178,2.4921063149184123e-07,5.440978753538679e-08,1.1432067651983478e-07,1.4647461259530626e-07
179,2.44229744966931e-07,5.206751261165319e-08,1.1266086800646939e-07,1.4509026637710348e-07
180,2.413771717808761e-07,5.117543687829406e-08,1.1171472339214027e-07,1.4251502735918765e-07
181,2.388817351688426e-07,5.038860141336578e-08,1.1074309931554291e-07,1.4106283825323804e-07
182,2.3702709723341491e-07,4.951510151995011e-08,1.0937872037119515e-07,1.4457340548715284e-07
183,2.34021738822405e-07,4.852812837320339e-08,1.0860137224199524e-07,1.408622805739007e-07
184,2.3060089577266785e-07,4.729171053042056e-08,1.0741240172471842e-07,1.38718866143258e-07
185,2.274177312830071e-07,4.635494864660255e-08,1.0659181808742526e-07,1.3434832353862437e-07
186,2.2650507780369429e-07,4.621885775847038e-08,1.063705149000158e-07,1.3250148555673394e-07
187,2.246226197087779e-07,4.6285346184819484e-08,1.0580873152544963e-07,1.279008111941641e-07
188,2.2292310367226926e-07,4.648794621357647e-08,1.0487731607239233e-07,1.2547469619565205e-07
189,2.2045820792120912e-07,4.668407712523813e-08,1.0308489634898323e-07,1.2471703558281252e-07
190,2.1797565933841724e-07,4.6425766634830686e-08,1.0169711253736809e-07,1.234888663999921e-07
191,2.1554180336847078e-07,4.570734513434813e-08,1.0108968927772798e-07,1.200479045685833e-07
192,2.1274193786665404e-07,4.5149653025411587e-08,1.0024768283384161e-07,1.1580932224687799e-07
193,2.118611793114644e-07,4.467285101740996e-08,9.999536872950703e-08,1.155877262139796e-07
194,2.095629856453335e-07,4.371826132363786e-08,9.917480744421383e-08,1.1475013049144681e-07
195,2.0834540194242924e-07,4.2011818354591266e-08,9.789899162003483e-08,1.23536365728138e-07
196,2.0379885956987874e-07,4.1869821215805773e-08,9.65514036179342e-08,1.1355910568458172e-07
197,2.0259437638980198e-07,4.200940701637157e-08,9.555188138571241e-08,1.1368379258502689e-07
198,2.0187797887237731e-07,4.253885601825432e-08,9.397348178850659e-08,1.173114103472482e-07
199,2.0085832001429692e-07,4.2373143358680854e-08,9.338452599684714e-08,1.1714236096157365e-07
200,2.0036233935086912e-07,4.218047645372717e-08,9.345400806785742e-08,1.1558103901223985e-07
201,1.9783501494646614e-07,4.183618199903884e-08,9.245363530213714e-08,1.124270668423176e-07
202,1.9568590892588373e-07,4.087833457835775e-08,9.193292352938928e-08,1.1057031280409122e-07
203,1.9476804798612889e-07,4.0717079564169804e-08,9.141163116368251e-08,1.1041768286493222e-07
204,1.9252209735283448e-07,4.027275293414648e-08,9.011700794612284e-08,1.1034152062799797e-07
205,1.9047263111695034e-07,4.0042855774574374e-08,8.858913246967014e-08,1.1145171283103236e-07
206,1.8893038989131723e-07,3.9720300833673706e-08,8.747828867928094e-08,1.1266288055574316e-07
207,1.8715282150423577e-07,3.940766537435342e-08,8.639709561032732e-08,1.1275455006333308e-07
208,1.8618391080109018e-07,3.841355234686091e-08,8.587495289611567e-08,1.1566607728319379e-07
209,1.8439560618084874e-07,3.846114077623064e-08,8.540364789639557e-08,1.1102040615562666e-07
210,1.8348218302086732e-07,3.831645120439215e-08,8.500764431046106e-08,1.1014535656542956e-07
211,1.8244257838839898e-07,3.792938453848028e-08,8.452655739914628e-08,1.1018339680858867e-07
212,1.8089924667131252e-07,3.76710433653169e-08,8.353674901626504e-08,1.104869542042648e-07
213,1.789117072182915e-07,3.763373162389017e-08,8.220920334565312e-08,1.1000659771662996e-07
214,1.7690431385749836e-07,3.78924405095297e-08,8.080633775114274e-08,1.0869584371516167e-07
215,1.7583030595944875e-07,3.8430344968469094e-08,7.97529484728178e-08,1.0806252974726886e-07
216,1.7486584904049101e-07,3.849471151270221e-08,7.88971050084759e-08,1.086468882337254e-07
217,1.742473184515524e-07,3.8120689412848806e-08,7.880604710894868e-08,1.081805629351658e-07
218,1.730733251364352e-07,3.7283957744980076e-08,7.875512968671678e-08,1.0713500608711821e-07
219,1.721834862855355e-07,3.671648768844403e-08,7.863429799288623e-08,1.0652437556612153e-07
220,1.696740104126782e-07,3.4996268302373144e-08,7.833251739941815e-08,1.0506141019943819e-07
221,1.6842816507390073e-07,3.387750826010335e-08,7.818941942353765e-08,1.05334967455515e-07
222,1.6716061334289553e-07,3.3603208915365835e-08,7.765868541578538e-08,1.0430709503252025e-07
223,1.6527833412030282e-07,3.3258119204001494e-08,7.69065166579312e-08,1.023434640887646e-07
224,1.6456186213106243e-07,3.2835510146773465e-08,7.691934136911296e-08,1.0112435337647913e-07
225,1.635651823803773e-07,3.253342704415022e-08,7.659684011066156e-08,1.0014346243230794e-07
226,1.6151485631007807e-07,3.181136420487497e-08,7.59823130572534e-08,9.825594988276861e-08
227,1.6067133778777897e-07,3.157434827968855e-08,7.566895141339879e-08,9.757057444050397e-08
228,1.6037927621937812e-07,3.080564058884235e-08,7.613790230734964e-08,9.690956773871771e-08
229,1.5884950551560801e-07,3.0833949877472675e-08,7.524424119035322e-08,9.56264335112512e-08
230,1.583600048611174e-07,3.07499456124969e-08,7.50171226681741e-08,9.526307716181675e-08
231,1.5689010789325277e-07,3.023618428487515e-08,7.454667192827526e-08,9.40557003105799e-08
232,1.546839476724216e-07,2.9514051494089414e-08,7.372641566101639e-08,9.266691965448448e-08
233,1.5378491358684774e-07,2.8962412741773206e-08,7.334739371222364e-08,9.334927706261913e-08
234,1.526892568543519e-07,2.8657719120189307e-08,7.298086232362225e-08,9.222845982022027e-08
235,1.5191187826410212e-07,2.8348540511221455e-08,7.265502956433238e-08,9.215151095144803e-08
236,1.5100249806835196e-07,2.7962018069342135e-08,7.221537618322482e-08,9.247383801685457e-08
237,1.5042889222237236e-07,2.786357694147994e-08,7.187203313219107e-08,9.246396475688826e-08
238,1.494669775012713e-07,2.7629476385846346e-08,7.125163877625395e-08,9.295789470738158e-08
239,1.4874678448135221e-07,2.7550854561287533e-08,7.074703440199111e-08,9.316554678480739e-08
240,1.4825914488831177e-07,2.754255453760126e-08,7.045924065884028e-08,9.284007893360674e-08
241,1.4787918179676963e-07,2.7566682464780844e-08,7.029127754978013e-08,9.216353908380052e-08
242,1.4710057470558046e-07,2.7503384094479936e-08,6.99407450667634e-08,9.125260268889371e-08
243,1.4610215712734882e-07,2.7286451079948295e-08,6.954954536458728e-08,9.030177306237901e-08
244,1.4453050406982382e-07,2.689761912305342e-08,6.888779274575187e-08,8.92378572486555e-08
245,1.4269855321013823e-07,2.6505861114278374e-08,6.785845697242629e-08,8.914697930110944e-08
246,1.4167675016531407e-07,2.6683736527879527e-08,6.710363056756836e-08,8.851850205523074e-08
247,1.397202971910718e-07,2.6560196814485598e-08,6.594526099128683e-08,8.758586186429609e-08
248,1.3798679487430436e-07,2.6307799805531058e-08,6.500131974740872e-08,8.687483529136065e-08
249,1.3741625011865618e-07,2.6197713181574385e-08,6.46114609670429e-08,8.717310626183061e-08
250,1.3626443705191304e-07,2.5993672190894253e-08,6.390142646739477e-08,8.728915088085444e-08
251,1.3536732729439752e-07,2.59238919610666e-08,6.32644758739355e-08,8.74828234693817e-08
252,1.338888188739592e-07,2.5910856768058732e-08,6.220987927436464e-08,8.74290974407097e-08
253,1.3316990459812566e-07,2.6362830557881305e-08,6.156846385887272e-08,8.630232005810259e-08
254,1.320913730175526e-07,2.641508998460483e-08,6.079165643166282e-08,8.60618478248505e-08
255,1.3152486907713422e-07,2.623287953142176e-08,6.057946078779213e-08,8.57010753441565e-08
256,1.297656652868486e-07,2.562594423579773e-08,5.985020164582835e-08,8.512039861499295e-08
257,1.2704966159950202e-07,2.4843358870844275e-08,5.852022077204923e-08,8.471894399839417e-08
258,1.2611493134892813e-07,2.2964765998651675e-08,5.6660060837539996e-08,9.84338088058514e-08
259,1.21472243796247e-07,2.3770328897687522e-08,5.526847678867424e-08,8.460906552043308e-08
260,1.2013219943765836e-07,2.394449547957677e-08,5.4594511216612086e-08,8.231406236743636e-08
261,1.1926773669930582e-07,2.4086044673627584e-08,5.414149406023281e-08,8.081757799806025e-08
262,1.1876758084144213e-07,2.408830846162543e-08,5.366562685702182e-08,8.141498071546655e-08
263,1.1831900423721914e-07,2.3969428928720075e-08,5.342169530756454e-08,8.14388375626683e-08
264,1.1603849603949889e-07,2.3491605687834027e-08,5.2120302070547935e-08,8.139499492547141e-08
265,1.1498024951492753e-07,2.3393269640445436e-08,5.1572024964662346e-08,8.059211333587213e-08
266,1.141440933566133e-07,2.350156198667029e-08,5.0872481715430515e-08,8.066464592381247e-08
267,1.1289110698116262e-07,2.3541903765474837e-08,5.0064667591449876e-08,7.995513086525075e-08
268,1.1212083821128802e-07,2.3496455408673932e-08,4.962179397534035e-08,7.950443305026868e-08
269,1.0983542409900384e-07,2.346819742950388e-08,4.830730955502579e-08,7.775256027711656e-08
270,1.0744194817442707e-07,2.3788360459630137e-08,4.6671306382046084e-08,7.594635277043836e-08
271,1.0414838799218655e-07,2.3858135115301957e-08,4.466532368226784e-08,7.359074770324529e-08
272,1.024994780142746e-07,2.3757120860952714e-08,4.333146113794703e-08,7.471893218731148e-08
273,1.0058555703490559e-07,2.3740642382706558e-08,4.2280390808501906e-08,7.295571442559609e-08
274,9.99108955800401e-08,2.3242922768182253e-08,4.236410786842968e-08,7.181225700638679e-08
275,9.925300586190194e-08,2.271193319640432e-08,4.2300574653077496e-08,7.165790578340155e-08
276,9.813879463760943e-08,2.2104492216277897e-08,4.2082594827923014e-08,7.084898595442966e-08
277,9.680218837810418e-08,2.1652471567116003e-08,4.169005453795796e-08,6.950189644112709e-08
278,9.62464507781299e-08,2.1708904488512847e-08,4.137127801586009e-08,6.882351095113184e-08
279,9.537550479216154e-08,2.1824601301598724e-08,4.067444584595582e-08,6.871631262335453e-08
280,9.476257046035993e-08,2.1925672855227953e-08,4.013660041265574e-08,6.881957133828758e-08
281,9.380262099750936e-08,2.1969473180355647e-08,3.945491610210758e-08,6.856382058887646e-08
282,9.217775070305392e-08,2.1807705752274228e-08,3.864926203694599e-08,6.717826208827177e-08
283,8.939100313411959e-08,2.118688944768448e-08,3.7562229540233894e-08,6.455806019820106e-08
284,8.899444756775212e-08,2.1065305610603895e-08,3.735852130104847e-08,6.457939062396977e-08
285,8.720326972609329e-08,2.0585606521825973e-08,3.671822440196469e-08,6.289639136488542e-08
286,8.69202333919886e-08,2.0242176355087885e-08,3.683292814932808e-08,6.251480568464323e-08
287,8.645230829423049e-08,1.991664593373748e-08,3.6694710053599536e-08,6.270216127915948e-08
288,8.615169330110551e-08,1.966442927953814e-08,3.667950544609833e-08,6.259466686589761e-08
289,8.541394297408246e-08,1.9249700195773277e-08,3.658813096862818e-08,6.182279043692992e-08
290,8.442368203575298e-08,1.891560101774378e-08,3.6341069932937e-08,6.058589967449906e-08
291,8.405807779435646e-08,1.8731484241883777e-08,3.6280169431603225e-08,6.020374008771297e-08
292,8.335081625652868e-08,1.882819574058499e-08,3.57681253462303e-08,5.981591826166979e-08
293,8.285916588025737e-08,1.895082400724925e-08,3.534469786741484e-08,5.969306069400461e-08
294,8.229456830114171e-08,1.894879080336401e-08,3.497663979178063e-08,5.947429761240194e-08
295,8.141309656863245e-08,1.870798162447745e-08,3.4570313810232306e-08,5.91560580691881e-08
296,8.07530589365702e-08,1.818546955428749e-08,3.397743035293485e-08,6.181185215581628e-08
297,7.956185307586188e-08,1.7818759281338044e-08,3.382895048368185e-08,5.9385114850447875e-08
298,7.896025944369942e-08,1.7716413341760057e-08,3.345689832776978e-08,5.943565613941679e-08
299,7.85550767025581e-08,1.74703170546876e-08,3.339181259237762e-08,5.9163708825216925e-08
300,7.764587230855469e-08,1.7328226964817048e-08,3.2949457548596025e-08,5.8544701850052434e-08
301,7.626989754692692e-08,1.721027137761623e-08,3.2387231652152095e-08,5.665032871848161e-08
302,7.547217460577659e-08,1.754236190980507e-08,3.17492578431631e-08,5.5665754453962846e-08
303,7.472479993404277e-08,1.755600448740884e-08,3.1402678346878134e-08,5.455464389434442e-08
304,7.384381485365248e-08,1.739171755863525e-08,3.102411488692079e-08,5.378927912212207e-08
305,7.307780693729945e-08,1.719894577904297e-08,3.066092730028189e-08,5.350251411010946e-08
306,7.265895221127011e-08,1.6860965086687416e-08,3.0623372129834284e-08,5.3388334782503855e-08
307,7.19585080911088e-08,1.6455129139011552e-08,3.044661520542138e-08,5.3187626026892065e-08
308,7.082188949747513e-08,1.6073643870207555e-08,2.991977275648315e-08,5.3070658585857554e-08
309,7.052597610626772e-08,1.5881894392907686e-08,2.972488164832865e-08,5.371293890044512e-08
310,6.983350281835536e-08,1.5879918670652693e-08,2.9253730817765932e-08,5.354889785426965e-08
311,6.934500465478702e-08,1.599539436930325e-08,2.886077909748843e-08,5.330218795685106e-08
312,6.899208021981722e-08,1.602535717442801e-08,2.8548200029000697e-08,5.3487706599213634e-08
313,6.793191320268522e-08,1.6082895224399524e-08,2.7905797959559944e-08,5.257437413471838e-08
314,6.69319457966098e-08,1.5998870406515746e-08,2.7323500419188648e-08,5.212683481192758e-08
315,6.595384545758832e-08,1.578836491169537e-08,2.6771753644642154e-08,5.2095264839850315e-08
316,6.519593188356491e-08,1.556171062814682e-08,2.638279952796521e-08,5.211158460795567e-08
317,6.463869863845358e-08,1.5346996859853718e-08,2.6188418390969514e-08,5.181832238059293e-08
318,6.370816648089152e-08,1.5219353040380534e-08,2.5649045336643148e-08,5.158197271226794e-08
319,6.325997459391385e-08,1.5222315461412516e-08,2.5327736195867527e-08,5.1547361683284516e-08
320,6.292567961539148e-08,1.520873980222638e-08,2.5064624032137514e-08,5.17096828473541e-08
321,6.2699390308306e-08,1.4650109411332109e-08,2.5091927905988046e-08,5.286319469781618e-08
322,6.188052876697815e-08,1.465216020515587e-08,2.4710773690665867e-08,5.170394875164446e-08
323,6.089992442908901e-08,1.4455241537326446e-08,2.420790699943845e-08,5.1346080081348205e-08
324,6.030077717206996e-08,1.4273419370786124e-08,2.390480498162076e-08,5.1345772557964275e-08
325,5.947758754583478e-08,1.4168087119171321e-08,2.3485673051333185e-08,5.079442258211488e-08
326,5.8879237139991623e-08,1.4290429840107237e-08,2.3013389510353984e-08,5.051831454618297e-08
327,5.8283670639650716e-08,1.4305252268848928e-08,2.2604465409926063e-08,5.033254629787742e-08
328,5.812930507002618e-08,1.4242146691278917e-08,2.2550243621057916e-08,5.0267508705990585e-08
329,5.765459099541297e-08,1.3855875240563415e-08,2.2570577967800852e-08,4.9811846293868095e-08
330,5.687316154112725e-08,1.3623466224402553e-08,2.232835990281099e-08,4.896815876365341e-08
331,5.643419318548727e-08,1.3539144725243176e-08,2.217279630676998e-08,4.8418317783644504e-08
332,5.603844351027377e-08,1.3507091067285702e-08,2.1931288143972283e-08,4.82960657570318e-08
333,5.489248890446917e-08,1.3081216591084048e-08,2.150424158261825e-08,4.7778654993561054e-08
334,5.380292106241896e-08,1.2827259958892482e-08,2.0725281358231577e-08,4.8704955000411354e-08
335,5.297257397198655e-08,1.2348100298773686e-08,2.0598826845642637e-08,4.801183524475694e-08
336,5.269720554094172e-08,1.2215216079579172e-08,2.0522492328227525e-08,4.786545984902278e-08
337,5.2251551337638837e-08,1.2063122156597293e-08,2.036475710807348e-08,4.756637782809069e-08
338,5.173253703030315e-08,1.1947251197702812e-08,2.0179370485712657e-08,4.698741098946122e-08
339,5.157860957555979e-08,1.1957845280341248e-08,2.0104488469816885e-08,4.6746968429727447e-08
340,5.08876942138437e-08,1.1858698172441163e-08,1.9812085951054965e-08,4.6006343798864244e-08
341,5.0682874107945724e-08,1.1803146524828433e-08,1.9737948392873718e-08,4.5821583010976734e-08
342,5.0478034570659564e-08,1.1755647221888e-08,1.9636451481047434e-08,4.575262456349108e-08
343,4.996278198243019e-08,1.167748520780523e-08,1.9376050211427193e-08,4.544492716397699e-08
344,4.931714698189609e-08,1.1737734854246786e-08,1.8762390586960214e-08,4.59883959351939e-08
345,4.8683846214270085e-08,1.192064678006479e-08,1.8391049621209306e-08,4.479467569633085e-08
346,4.839583176048608e-08,1.1839534869402804e-08,1.828941817713396e-08,4.453248183853836e-08
347,4.82174949700646e-08,1.1854584701788258e-08,1.8161060584102302e-08,4.446716171583449e-08
348,4.810478165420358e-08,1.1854358204039574e-08,1.8081780809300894e-08,4.445404670884611e-08
349,4.7776219060263745e-08,1.1839833675989897e-08,1.785979163955843e-08,4.442097598540646e-08
350,4.749419862172383e-08,1.167128932352047e-08,1.7678898171139886e-08,4.495140507908171e-08
351,4.7173203427503805e-08,1.158983205466602e-08,1.7562066522516927e-08,4.464338080550539e-08
352,4.689100921058781e-08,1.1448710868731269e-08,1.7493191374631828e-08,4.4462342728830586e-08
353,4.651294275113212e-08,1.1220729697955812e-08,1.741393354136496e-08,4.430196936742814e-08
354,4.595694647785776e-08,1.0942329158520345e-08,1.724752318624944e-08,4.411209885853372e-08
355,4.581839703304813e-08,1.1165607094530949e-08,1.6652800746667397e-08,4.590000351747106e-08
356,4.495865717799902e-08,1.080609184490442e-08,1.6644200713979163e-08,4.398872429121288e-08
357,4.4766297730713834e-08,1.0739643211764766e-08,1.6568610706310595e-08,4.390319740247725e-08
358,4.449632522132844e-08,1.0646073595841166e-08,1.643563324767593e-08,4.392923068649659e-08
359,4.400454437758426e-08,1.0467378281971064e-08,1.6217540290056876e-08,4.3878897914595236e-08
360,4.338042395360042e-08,1.0177932868451876e-08,1.596347686824756e-08,4.39378564400649e-08
361,4.2755528270223724e-08,9.983498370876343e-09,1.5730583542910366e-08,4.3507911481185e-08
362,4.249505712652506e-08,9.909176042291982e-09,1.552277393150818e-08,4.3898941926928244e-08
363,4.212553304141184e-08,9.910933270772775e-09,1.5325666472105933e-08,4.3507808676353155e-08
364,4.1997907422443895e-08,9.890643753470868e-09,1.526344313182011e-08,4.342296399221182e-08
365,4.155835280513518e-08,9.947397797861822e-09,1.4943367043633044e-08,4.320500042989067e-08
366,4.106211355773027e-08,9.954334498451104e-09,1.4619109882192375e-08,4.298268638138596e-08
367,4.0813754679906906e-08,1.0070505728994567e-08,1.4303233480778777e-08,4.3257808409606294e-08
368,4.035727256736972e-08,1.0156231237999572e-08,1.394068284404561e-08,4.308904089288166e-08
369,4.00530958832585e-08,1.0109845479931628e-08,1.375832387022595e-08,4.3062594483386764e-08
370,3.948161592786487e-08,9.870326928196195e-09,1.3552603686541889e-08,4.287173683006212e-08
371,3.9113447026034307e-08,9.563751116125585e-09,1.3553179115334054e-08,4.2627594708856806e-08
372,3.877063753658272e-08,9.319436554498354e-09,1.352306822172911e-08,4.240435272349017e-08
373,3.784779891052985e-08,8.674778488344435e-09,1.3393875311823573e-08,4.2011694867580293e-08
374,3.73307526068722e-08,8.17209213283821e-09,1.3433848597355809e-08,4.174015279205795e-08
375,3.6884635479176976e-08,8.159248601525043e-09,1.3116441303074713e-08,4.1754497117077815e-08
376,3.666332733907375e-08,8.139133186918384e-09,1.2987043434951555e-08,4.166423230869962e-08
377,3.6340501994270233e-08,8.103724073125091e-09,1.2780597578685817e-08,4.1651609813508196e-08
378,3.607587785392362e-08,7.863428794809883e-09,1.2778587331985083e-08,4.1567229405285063e-08
379,3.585992431144874e-08,7.967309376199485e-09,1.2544618937561044e-08,4.157601078171577e-08
380,3.5662155572605825e-08,7.875938212503886e-09,1.2508071636085857e-08,4.1356516454172736e-08
381,3.5362794092021505e-08,7.76202633964488e-09,1.2418786511625461e-08,4.111176545459268e-08
382,3.5124760097886325e-08,7.73306305887282e-09,1.22827989015392e-08,4.1026170852714025e-08
383,3.501990027043062e-08,7.899829485839358e-09,1.207159806629867e-08,4.1100957945092755e-08
384,3.44628305361446e-08,7.814766538737117e-09,1.1735074680941831e-08,4.1066704069446165e-08
385,3.4212476545182045e-08,7.787349213399993e-09,1.1592374974706573e-08,4.0963005157780764e-08
386,3.39197928117331e-08,7.702946229600679e-09,1.1464522627702053e-08,4.083667557695859e-08
387,3.373143625015173e-08,7.63148806898927e-09,1.1361990244330968e-08,4.093156298504892e-08
388,3.355295761698656e-08,7.390441546554056e-09,1.1441373384640884e-08,4.074876535486997e-08
389,3.344148776209044e-08,7.286622461495468e-09,1.1449400335614909e-08,4.067558139526394e-08
390,3.3135642146797174e-08,6.9559305659667015e-09,1.1494602523875775e-08,4.0529302106153255e-08
391,3.290572601942756e-08,6.611559493689863e-09,1.1536748483250145e-08,4.0750167421480724e-08
392,3.2551487314380055e-08,6.522997403166306e-09,1.1403721747170477e-08,4.042709694298225e-08
393,3.232188185184384e-08,6.472258527740619e-09,1.1317490333814644e-08,4.019165731749404e-08
394,3.20804407730302e-08,6.3910525879935456e-09,1.1237348095066523e-08,3.9996327400821905e-08
395,3.169565846861474e-08,6.2590089965498615e-09,1.1070310347502978e-08,3.9907113777786496e-08
396,3.098828300640352e-08,6.234661398406783e-09,1.0568423392731918e-08,3.993788745349409e-08
397,3.0792497668496486e-08,6.081377579210673e-09,1.0549485147401497e-08,3.987358395371734e-08
398,3.0308094680784685e-08,6.252916892874977e-09,1.0099457301345758e-08,3.9730979374292236e-08
399,3.025953433296932e-08,6.199504844114932e-09,1.0031795860756763e-08,4.0114473542638594e-08
400,3.005536320958149e-08,6.25190202727201e-09,9.964644515975008e-09,3.947216269179235e-08
401,3.000131849462901e-08,6.218141333341477e-09,9.966590015485593e-09,3.938230112691572e-08
402,2.983991382307795e-08,6.113429896263046e-09,9.952194775031234e-09,3.923798472268077e-08
403,2.9632784603621925e-08,5.992103009204641e-09,9.905343934936884e-09,3.9154596529295105e-08
404,2.9492661430733918e-08,5.884910045094888e-09,9.848050767358147e-09,3.933437647297139e-08
405,2.9167854844373952e-08,5.7699346562965174e-09,9.737047064883412e-09,3.911121188008013e-08
406,2.8926035609040884e-08,5.728022159055292e-09,9.620369275392394e-09,3.89574538413112e-08
407,2.8645467611818733e-08,5.68289140256903e-09,9.481494354119583e-09,3.878422944865118e-08
408,2.834724368510677e-08,5.626979211537882e-09,9.333706839759012e-09,3.863211610848042e-08
409,2.809665255829882e-08,5.5832644005795006e-09,9.22620497793131e-09,3.840165013587305e-08
410,2.789335543173969e-08,5.5753781609693844e-09,9.120934293342096e-09,3.820403382489848e-08
411,2.77833288232184e-08,5.525449152510195e-09,9.086464827111477e-09,3.815453888644816e-08
412,2.7656316243113505e-08,5.420285436833119e-09,9.09123763993311e-09,3.804332200235054e-08
413,2.749199898596225e-08,5.3563367600687674e-09,9.030573903086073e-09,3.797734251090331e-08
414,2.738442777561624e-08,5.362433691120395e-09,8.948376031929991e-09,3.7975324875167826e-08
415,2.6891834984004435e-08,5.306891475573258e-09,8.636974234648457e-09,3.7942535189558256e-08
416,2.6627199965700038e-08,5.373178696314328e-09,8.444979257293938e-09,3.768180352805197e-08
417,2.6330420405804022e-08,5.366147823273328e-09,8.268254114070436e-09,3.7499940967893014e-08
418,2.5970078141547787e-08,5.393868973453052e-09,8.049223620249535e-09,3.716123588037598e-08
419,2.5698043976042716e-08,5.424398103131544e-09,7.88640071154702e-09,3.685432942086231e-08
420,2.5324887419912852e-08,5.37540953157535e-09,7.720687302987738e-09,3.6478445616162647e-08
421,2.4818235602596924e-08,5.231395174796152e-09,7.550447826133066e-09,3.5976395951599225e-08
422,2.4613108926507522e-08,5.111568608290889e-09,7.514363442583414e-09,3.5836971892206385e-08
423,2.4092980997184926e-08,5.0402410572786094e-09,7.302970786948186e-09,3.521942832900251e-08
424,2.379012852027599e-08,5.071413531589779e-09,7.119785486289447e-09,3.4899094636943574e-08
425,2.3712638501191174e-08,5.037636956113076e-09,7.098432009654272e-09,3.4843059704362455e-08
426,2.3609910099847677e-08,5.044426293423636e-09,7.019332576435765e-09,3.4840592534010767e-08
427,2.353206769284163e-08,5.011988538575481e-09,6.985410631855103e-09,3.4845648254167363e-08
428,2.333947699228513e-08,4.914760094320898e-09,6.926011091472387e-09,3.479245030962168e-08
429,2.3075591994579125e-08,4.777799679543657e-09,6.868106456278025e-09,3.4607681042197966e-08
430,2.271065827873545e-08,4.678520828229899e-09,6.763730061507464e-09,3.413034992214358e-08
431,2.2415887972661794e-08,4.670096147982385e-09,6.62599186763122e-09,3.375177374355023e-08
432,2.202755153485578e-08,4.628994854282647e-09,6.483010597125134e-09,3.3163154425849765e-08
433,2.1801971474145677e-08,4.503862970772672e-09,6.435413479127187e-09,3.302647065414526e-08
434,2.1771633506173307e-08,4.297586291257755e-09,6.545274959277091e-09,3.31231517284173e-08
435,2.146918426773258e-08,4.2370752560024445e-09,6.388035828207404e-09,3.30234181539917e-08
436,2.1372068743009813e-08,4.17389958793892e-09,6.375491092569493e-09,3.2958177126892566e-08
437,2.130001925329876e-08,4.070555590619955e-09,6.379129545895698e-09,3.306104580669937e-08
438,2.11732436843967e-08,4.0259533473559924e-09,6.362178354031064e-09,3.283078353646679e-08
439,2.1108226678854108e-08,4.002040231937383e-09,6.351391757725013e-09,3.27280348558499e-08
440,2.1032294681201635e-08,3.963995368304543e-09,6.33438215865461e-09,3.267139952462336e-08
441,2.0943734403885493e-08,3.9217795296416784e-09,6.305341421329468e-09,3.2646481278056615e-08
442,2.0793440439683088e-08,3.832513232238928e-09,6.273672820111828e-09,3.25782576770214e-08
443,2.0652917933176717e-08,3.759111679235668e-09,6.2480288032980055e-09,3.2453732459936344e-08
444,2.0537894918537656e-08,3.7154167407484735e-09,6.208563826392201e-09,3.238719941742878e-08
445,2.036509885705734e-08,3.645691418155488e-09,6.151387160413172e-09,3.2291859507762126e-08
446,2.016422261550009e-08,3.565512456293709e-09,6.100877636015176e-09,3.209162144281773e-08
447,1.9900550089175056e-08,3.472647660140209e-09,6.031843561858172e-09,3.1795073949892004e-08
448,1.9747801515830917e-08,3.422851280039323e-09,5.950640129006999e-09,3.182963549970985e-08
449,1.954330072385444e-08,3.4129656479780533e-09,5.8637184590276085e-09,3.15362830137139e-08
450,1.9451122236934242e-08,3.4073978713264977e-09,5.81524187403828e-09,3.145848951425737e-08
451,1.9379436668396694e-08,3.4220080410775957e-09,5.774120629243177e-09,3.1342303792222786e-08
452,1.927577056266393e-08,3.4137927849348955e-09,5.72982148596235e-09,3.1207409944387596e-08
453,1.9118171627317634e-08,3.395325764611869e-09,5.645024039504821e-09,3.111974531231319e-08
454,1.9004545842485745e-08,3.3745239504890015e-09,5.575738123215225e-09,3.112974095493581e-08
455,1.8769306691541176e-08,3.3247684809030696e-09,5.4715244894340125e-09,3.09652798087272e-08
456,1.8536715279135705e-08,3.299645703672793e-09,5.381371117706072e-09,3.0639035643733064e-08
457,1.837728601951849e-08,3.2923609948693857e-09,5.2974299624148155e-09,3.049583353728522e-08
458,1.831324496013132e-08,3.2581862386789513e-09,5.285444819353558e-09,3.044351955339681e-08
459,1.8204391408485905e-08,3.222439171593764e-09,5.249584191614565e-09,3.035060934841083e-08
